{
    "$schema": "http://json-schema.org/draft-07/schema#",
    "description": "Schema for a very simple blog post app",
    "type": "object",
    "properties": {
        "regions": {
            "type": "array",
            "items": {
                "type": "object",
                "properties": {
                    "name": {
                        "type": "string"
                    },
                    "top_left": {
                        "type": "array",
                        "items": {
                            "type": "integer"
                        },
                        "minItems": 2,
                        "maxItems": 2
                    },
                    "bottom_right": {
                        "type": "array",
                        "items": {
                            "type": "integer"
                        },
                        "minItems": 2,
                        "maxItems": 2
                    },
                    "aps": {
                        "type": "array",
                        "items": {
                            "type": "string"
                        }
                    },
                    "object": {
                        "type": "array",
                        "items": {
                            "type": "string"
                        }
                    }
                },
                "required": ["name", "top_left", "bottom_right", "aps", "object"]
            }
        }
    },
    "required": ["regions"]
}
