{"collections": {"text_collection": {"vectors": {"size": 1, "distance": "Cosine", "hnsw_config": null, "quantization_config": null, "on_disk": null, "datatype": null}, "shard_number": null, "sharding_method": null, "replication_factor": null, "write_consistency_factor": null, "on_disk_payload": null, "hnsw_config": null, "wal_config": null, "optimizers_config": null, "init_from": null, "quantization_config": null, "sparse_vectors": null}, "image_collection": {"vectors": {"size": 768, "distance": "Cosine", "hnsw_config": null, "quantization_config": null, "on_disk": null, "datatype": null}, "shard_number": null, "sharding_method": null, "replication_factor": null, "write_consistency_factor": null, "on_disk_payload": null, "hnsw_config": null, "wal_config": null, "optimizers_config": null, "init_from": null, "quantization_config": null, "sparse_vectors": null}, "json_collection": {"vectors": {"size": 512, "distance": "Cosine", "hnsw_config": null, "quantization_config": null, "on_disk": null, "datatype": null}, "shard_number": null, "sharding_method": null, "replication_factor": null, "write_consistency_factor": null, "on_disk_payload": null, "hnsw_config": null, "wal_config": null, "optimizers_config": null, "init_from": null, "quantization_config": null, "sparse_vectors": null}}, "aliases": {}}